{"created_at":"2020-05-14T12:48:15.821Z","updated_at":"2020-07-09T14:49:25.875Z","title":"Product","uid":"product","_version":2,"inbuilt_class":false,"schema":[{"display_name":"Title","uid":"title","data_type":"text","mandatory":true,"unique":true,"field_metadata":{"_default":true,"version":3},"multiple":false,"non_localizable":false},{"display_name":"URL","uid":"url","data_type":"text","mandatory":false,"field_metadata":{"_default":true,"version":3},"multiple":false,"unique":false,"non_localizable":false},{"data_type":"text","display_name":"Description","uid":"description","field_metadata":{"description":"","default_value":"","multiline":true,"version":3},"format":"","error_messages":{"format":""},"multiple":false,"mandatory":false,"unique":false,"non_localizable":false},{"data_type":"file","display_name":"Featured Image","uid":"featured_image","extensions":[],"field_metadata":{"description":"","rich_text_type":"standard","image":true,"options":[]},"mandatory":true,"multiple":true,"dimension":{"width":{"min":null,"max":null},"height":{"min":null,"max":null}},"unique":false,"non_localizable":false},{"data_type":"number","display_name":"Price","uid":"price","field_metadata":{"description":"","default_value":null},"mandatory":true,"multiple":false,"unique":false,"non_localizable":false},{"data_type":"global_field","display_name":"Message","reference_to":"global_content","field_metadata":{"description":""},"uid":"message","multiple":false,"mandatory":false,"unique":false,"non_localizable":false},{"data_type":"reference","display_name":"Category","reference_to":["category"],"field_metadata":{"ref_multiple":false,"ref_multiple_content_types":true},"uid":"category","multiple":false,"mandatory":false,"unique":false,"non_localizable":false},{"data_type":"reference","display_name":"Related Products","reference_to":["product"],"field_metadata":{"ref_multiple":true,"ref_multiple_content_types":true},"uid":"related_products","mandatory":false,"multiple":false,"unique":false,"non_localizable":false}],"last_activity":{"environments":[{"uid":"blt815d65764f71d7ba","details":[{"locale":"en-us","time":"2019-01-02T07:06:02.140Z"}]}]},"maintain_revisions":true,"description":"","DEFAULT_ACL":[{"k":"others","v":{"read":false,"create":false}},{"k":"users.blt97e29d65bbeda673","v":{"read":true,"sub_acl":{"read":true}}}],"SYS_ACL":{"roles":[]},"options":{"is_page":true,"singleton":false,"title":"title","sub_title":[],"url_pattern":"/:unique_id","url_prefix":"/product/"},"abilities":{"get_one_object":true,"get_all_objects":true,"create_object":true,"update_object":true,"delete_object":true,"delete_all_objects":true}}